"nome","idade","cpf","rg","data_nasc","sexo","signo","mae","pai","email","senha","cep","endereco","numero","bairro","cidade","estado","telefone_fixo","celular","altura","peso","tipo_sanguineo","cor"
"Manoel Raimundo da Conceição","25","946.314.869-88","17.758.653-9","21/12/1998","Masculino","Sagitário","Cristiane Tereza","José Caio Hugo da Conceição","manoel-daconceicao74@thacconstrutora.com.br","bdefHE1YjB","93295-113","Rua Tenente Francisco Pascoal Severo","267","Jardim Planalto","Esteio","RS","(51) 3620-8831","(51) 98261-4941","1,84","96","B+","amarelo"
"Heloise Francisca Lima","69","678.878.611-95","32.114.167-2","27/07/1954","Feminino","Leão","Gabrielly Mariah","João Rodrigo Lima","heloise.francisca.lima@cssmi.com.br","ecgblIEyb1","69901-782","Rua Maria Atenas","902","Vitória","Rio Branco","AC","(68) 3704-8966","(68) 98613-3316","1,53","50","B-","laranja"
"Ruan Oliver Murilo Lopes","62","381.443.257-61","42.297.295-2","11/07/1961","Masculino","Câncer","Lara Vera","Benjamin José Ian Lopes","ruan_oliver_lopes@w3ag.com","Yy80XPyHy9","80810-315","Jardinete Professor Benedito Nicolau dos Santos Filho","489","Vista Alegre","Curitiba","PR","(41) 2976-9644","(41) 99343-6372","1,88","91","AB-","azul"
"Emilly Maitê Elisa Moura","42","650.142.148-94","12.069.877-8","15/10/1981","Feminino","Libra","Louise Mariane Malu","Isaac Enzo Moura","emilly.maite.moura@netwis.com.br","29UpeKzRRL","74730-230","Rua 13-B","907","Conjunto Riviera","Goiânia","GO","(62) 2905-0914","(62) 99899-3835","1,56","51","O-","azul"
"Emily Cristiane Alana Fernandes","64","932.638.311-35","29.084.693-6","02/02/1959","Feminino","Aquário","Larissa Tânia Luna","Luan Ruan Luan Fernandes","emily.cristiane.fernandes@inepar.com.br","J4756Re7JZ","54460-386","Travessa Canto Livre","220","Barra de Jangada","Jaboatão dos Guararapes","PE","(81) 3796-0603","(81) 99751-9901","1,60","76","O+","roxo"
"Silvana Lara Nunes","68","520.787.618-00","22.780.988-9","07/04/1955","Feminino","Áries","Jéssica Isabelly Heloise","Felipe Yago Nicolas Nunes","silvanalaranunes@henrimar.com.br","Ki18maqo0a","27514-180","Travessa Antônio de Almeida Vianna","209","Vila Moderna","Resende","RJ","(24) 2831-2785","(24) 98352-1260","1,73","83","AB-","azul"
"Luiz Diogo Roberto Cavalcanti","59","098.623.647-00","34.851.117-6","25/11/1964","Masculino","Sagitário","Laís Fabiana","Antonio Breno Carlos Cavalcanti","luiz-cavalcanti84@ambev.com.br","WcSmLrdaEc","76801-492","Rua Jamary","304","Pedrinhas","Porto Velho","RO","(69) 3701-8862","(69) 98330-3006","1,76","110","AB+","verde"
"Yago Iago Benedito Viana","19","740.074.091-10","13.933.400-2","06/08/2004","Masculino","Leão","Elisa Luzia Melissa","Davi Bernardo Viana","yago-viana92@belbrindes.com","LruHPxe6E3","61650-245","Travessa Penélope","439","Parque Guadalajara (Jurema)","Caucaia","CE","(85) 2602-9828","(85) 99893-2373","1,70","95","A+","amarelo"
"Tânia Brenda da Silva","72","480.454.753-31","22.749.339-4","08/04/1951","Feminino","Áries","Emanuelly Daiane Gabriela","Benjamin Cláudio Lorenzo da Silva","taniabrendadasilva@arcante.com.br","eotitc3ge8","49072-050","Rua Bahia","932","Dezoito do Forte","Aracaju","SE","(79) 2981-2055","(79) 99921-9363","1,85","51","AB+","laranja"
"Lúcia Sarah Monteiro","33","013.145.096-40","37.626.527-9","09/11/1990","Feminino","Escorpião","Isis Liz","Bruno Luís Roberto Monteiro","luciasarahmonteiro@zf.com","PY5mYc0qxJ","35663-732","Rua São Judas Tadeu","704","Ascenção","Pará de Minas","MG","(37) 3758-1189","(37) 98475-1839","1,50","73","O-","roxo"
"Louise Natália de Paula","31","374.126.476-87","28.853.321-5","26/11/1992","Feminino","Sagitário","Joana Carolina Raimunda","Gabriel Rafael de Paula","louisenataliadepaula@attglobal.net","MlwlJu3Mm3","29175-854","Rua A B","338","Conjunto Jacaraípe","Serra","ES","(27) 3643-2139","(27) 98648-5927","1,80","70","AB+","vermelho"
"Iago Ruan Sales","25","170.190.341-52","37.028.937-7","05/12/1998","Masculino","Sagitário","Louise Analu Yasmin","João Vicente Sales","iago-sales79@br.pwc.com","YqNq8YH778","79107-440","Rua Sarutaia","244","Jardim Zé Pereira","Campo Grande","MS","(67) 2990-4521","(67) 99401-0200","1,87","53","A-","preto"
"Malu Yasmin Carolina Peixoto","19","439.228.848-06","25.154.404-7","14/06/2004","Feminino","Gêmeos","Isabelle Elza Rita","Pietro Ian Alexandre Peixoto","malu_peixoto@equipavmineracao.com.br","qqxLto8phx","79822-230","Rua Manoel Amaro de Matos","390","Parque do Lago II","Dourados","MS","(67) 3997-0765","(67) 99140-5728","1,60","52","A+","amarelo"
"Lucca Erick Silva","78","035.994.961-45","29.373.447-1","02/11/1945","Masculino","Escorpião","Gabrielly Maitê Betina","Antonio Pietro Cláudio Silva","lucca_erick_silva@netjacarei.com.br","ELRy7aEBzF","49082-150","Rua Deputado Euvaldo Diniz","285","Novo Paraíso","Aracaju","SE","(79) 2767-0489","(79) 98483-1734","1,94","61","O-","verde"
"Ruan Daniel Melo","62","977.314.376-71","47.071.403-7","05/11/1961","Masculino","Escorpião","Isabela Regina","Giovanni Raul Mário Melo","ruan-melo96@way2goidiomas.com.br","11ZhqEUAn7","57308-310","Avenida Jany Camelo Lima","392","Planalto","Arapiraca","AL","(82) 2658-9077","(82) 98444-4084","1,80","99","A-","preto"
"Renata Marli Marlene Castro","28","557.628.900-58","24.827.996-8","24/02/1995","Feminino","Peixes","Patrícia Larissa Alícia","Cauã Pedro Henrique Enzo Castro","renata_marli_castro@acramisper.com","AhdD0mmIWz","08598-210","Rua Vitória Regia","561","Jardim Odete","Itaquaquecetuba","SP","(11) 3578-7137","(11) 98615-5983","1,76","46","B-","azul"
"Enrico Pedro Henrique da Cruz","18","123.405.492-21","33.644.455-2","21/06/2005","Masculino","Câncer","Alice Luna Liz","Diogo Tiago Carlos Eduardo da Cruz","enrico_dacruz@gerj.com.br","cPoHsIwGi2","88351-450","Rua Prefeito Rodolfo Gerlach","830","São Luiz","Brusque","SC","(47) 3975-6563","(47) 99792-9471","1,92","110","AB+","vermelho"
"Cauê Márcio Severino Figueiredo","45","382.931.003-03","41.830.025-2","27/11/1978","Masculino","Sagitário","Sabrina Luzia Rita","César Hugo Theo Figueiredo","cauemarciofigueiredo@sofisticattomoveis.com.br","3P3nfZpNEg","49043-733","Rua Quinze","777","Santa Maria","Aracaju","SE","(79) 3521-0030","(79) 98462-3312","1,72","91","O-","preto"
"Fernando Bento Hugo Ferreira","78","112.220.147-85","17.384.516-2","25/11/1945","Masculino","Sagitário","Eduarda Melissa","Gabriel Lucas Fernando Ferreira","fernando_bento_ferreira@comercialrafael.com.br","wUARC1GqEr","40080-140","Vila Natal","769","Politeama","Salvador","BA","(71) 3675-6569","(71) 99338-7358","1,63","53","A-","roxo"
"Otávio Heitor Calebe Barros","48","896.087.351-90","30.810.700-7","04/04/1975","Masculino","Áries","Benedita Tatiane","Manuel Luís Barros","otavio-barros93@htomail.com","rlaFJHGRhm","14405-158","Rua Lina Pichione Rocha","612","Vila Formosa","Franca","SP","(16) 3713-8056","(16) 98621-4158","1,78","60","O+","roxo"
"Manuel Cauê da Rocha","65","460.499.722-57","14.083.385-7","13/08/1958","Masculino","Leão","Kamilly Milena Marcela","Francisco Marcelo Gustavo da Rocha","manuelcauedarocha@redacaofinal.com.br","afSAFiEPIr","75913-216","Rua Três","709","Cidade Empresarial Nova Aliança","Rio Verde","GO","(64) 2567-4710","(64) 98700-2032","1,90","59","B+","preto"
"Anderson Enrico Bryan Aparício","55","310.669.565-02","13.243.081-2","16/06/1968","Masculino","Gêmeos","Luiza Francisca Emilly","Raul Diego Igor Aparício","anderson_aparicio@nipbr.com","0GyiGO4LiD","65633-569","Rua Acesso","113","Cidade Nova","Timon","MA","(86) 2764-7987","(86) 98130-6834","1,70","53","AB+","laranja"
"Luna Olivia Julia Farias","68","906.221.839-31","32.093.086-5","22/02/1955","Feminino","Peixes","Vera Alana","Nathan Heitor João Farias","luna.olivia.farias@iesa.com.br","eRX9OgaAeo","72851-762","Quadra Quadra 2","211","Jardim América","Luziânia","GO","(61) 3680-2446","(61) 98391-0332","1,70","56","O+","amarelo"
"Francisco Mateus Souza","68","536.693.044-87","45.320.881-2","01/04/1955","Masculino","Áries","Sandra Luciana Malu","Sérgio Lucca Breno Souza","francisco.mateus.souza@dglnet.com.br","CM1xuT30Uf","78730-280","Rua da Felicidade","721","Vila São Sebastião II","Rondonópolis","MT","(66) 2631-1638","(66) 99316-8064","1,85","81","AB-","verde"
"Laura Silvana da Luz","55","567.877.733-58","18.655.354-7","25/08/1968","Feminino","Virgem","Catarina Stella","Marcos Antonio Joaquim da Luz","laura_daluz@athoscontabil.com.br","GHHyB7c1nj","68925-314","Travessa Acerola","926","Elesbão","Santana","AP","(96) 2972-4380","(96) 99696-4844","1,85","71","B-","vermelho"
"Gabriela Cecília Fogaça","65","989.950.767-98","18.543.459-9","03/04/1958","Feminino","Áries","Ayla Jéssica Lúcia","Gael Arthur André Fogaça","gabriela.cecilia.fogaca@jbtc.com","XdhsyH1ZGd","74843-640","Avenida Vitória","751","Vila Rosa","Goiânia","GO","(62) 3555-2258","(62) 98880-7636","1,51","82","O+","verde"
"Giovanna Tatiane Dias","46","334.871.359-57","34.317.715-8","12/06/1977","Feminino","Gêmeos","Laura Beatriz","Emanuel Heitor Bruno Dias","giovannatatianedias@estevao.ind.br","4Yw8feKWeK","30335-110","Beco São Sebastião","928","Vila Barragem Santa Lúcia","Belo Horizonte","MG","(31) 2669-9804","(31) 98630-9834","1,64","66","O+","vermelho"
"Augusto Fernando André das Neves","26","545.076.074-42","35.005.999-8","26/11/1997","Masculino","Sagitário","Jaqueline Aparecida Giovana","Gabriel Ricardo Erick das Neves","augustofernandodasneves@compuativa.com.br","S5d6H5RUUi","73368-456","Quadra 5E Conjunto D","549","Arapoanga (Planaltina)","Brasília","DF","(61) 3768-2365","(61) 98821-1704","1,85","61","AB+","verde"
"Nelson Otávio Novaes","76","532.164.341-50","42.620.652-6","15/11/1947","Masculino","Escorpião","Marlene Camila Marli","Julio Lucas Novaes","nelsonotavionovaes@bidoul.eng.br","RC6SyONMZC","66833-315","Travessa Bacuri","317","Tapanã (Icoaraci)","Belém","PA","(91) 2503-6281","(91) 99386-5890","1,73","61","O+","roxo"
"Elaine Isis da Cunha","43","624.002.853-30","15.911.903-0","15/09/1980","Feminino","Virgem","Isadora Heloise Mariane","Vinicius Otávio da Cunha","elaine_dacunha@ematelecom.com.br","0Xh4TPiABR","13189-201","Rua Roma","302","Jardim Residencial Firenze","Hortolândia","SP","(19) 2656-4072","(19) 98581-2171","1,85","52","A-","vermelho"
